"","genes","res"
"1","PROL1","r33_r34"
"2","POSTN","r33_r34"
"3","CERS3","r33_r34"
"4","F5","r33_r34"
"5","MANSC1","r33_r34"
"6","XDH","r33_r34"
"7","EDIL3","r33_r34"
"8","LOC101927416","r33_r34"
"9","TNFSF13B","r33_r34"
"10","IRG1","r33_r34"
"11","ALOX15","r33_r34"
"12","MCTP1","r33_r34"
"13","EREG","r33_r34"
"14","HSD17B13","r33_r34"
"15","CNR1","r33_r34"
"16","MAN1A1","r33_r34"
"17","PLXDC2","r33_r34"
"18","CLEC2B","r33_r34"
"19","PRR32","r33_r34"
"20","GBP2","r33_r34"
"21","SNX10","r33_r34"
"22","NGRN","r33_r34"
"23","SAMD9","r33_r34"
"24","SLC39A2","r33_r34"
"25","DIO1","r33_r34"
"26","CPM","r33_r34"
"27","CEACAM7","r33_r34"
"28","TMPRSS11E","r33_r34"
"29","FYB","r33_r34"
"30","PRRG1","r33_r34"
"31","IFIT2","r33_r34"
"32","DUSP4","r33_r34"
"33","PCDHAC2","r33_r34"
"34","SLC22A3","r33_r34"
"35","COL6A6","r33_r34"
"36","EVI2A","r33_r34"
"37","HP","r33_r34"
"38","DDIT4L","r33_r34"
"39","NAIP","r33_r34"
"40","MROH9","r33_r34"
"41","MS4A8","r33_r34"
"42","LRRC48","r33_r34"
"43","TMPRSS11A","r33_r34"
"44","KIAA1551","r33_r34"
"45","CHST5","r33_r34"
"46","IVL","r33_r34"
"47","A2ML1","r33_r34"
"48","IGSF6","r33_r34"
"49","DNAH9","r33_r34"
"50","CX3CR1","r33_r34"
"51","MAP6","r33_r34"
"52","CLEC7A","r33_r34"
"53","C15orf26","r33_r34"
"54","HEPHL1","r33_r34"
"55","BIN2","r33_r34"
"56","GBP5","r33_r34"
"57","ADRA2A","r33_r34"
"58","MYO15A","r33_r34"
"59","KCNE1","r33_r34"
"60","SULT1B1","r33_r34"
"61","FAM201A","r33_r34"
"62","FCGR3A","r33_r34"
"63","FGL2","r33_r34"
"64","DDX60L","r33_r34"
"65","ST8SIA4","r33_r34"
"66","HSPA7","r33_r34"
"67","HIF1A-AS2","r33_r34"
"68","ALOX15P1","r33_r34"
"69","SMCHD1","r33_r34"
"70","TMPRSS11D","r33_r34"
"71","CLEC5A","r33_r34"
"72","MYLK3","r33_r34"
"73","AOAH","r33_r34"
"74","DMRT3","r33_r34"
"75","CYBB","r33_r34"
"76","FAM47E","r33_r34"
"77","AIM2","r33_r34"
"78","FCGR1A","r33_r34"
"79","PTPRC","r33_r34"
"80","DNAH10","r33_r34"
"81","PCDHAC1","r33_r34"
"82","ZNF117","r33_r34"
"83","MFAP2","r33_r34"
"84","MNDA","r33_r34"
"85","DYDC1","r33_r34"
"86","CNGA4","r33_r34"
"87","LRRK2","r33_r34"
"88","RASSF3","r33_r34"
"89","C12orf75","r33_r34"
"90","LINC00332","r33_r34"
"91","PCSK6","r33_r34"
"92","CFAP52","r33_r34"
"93","CCDC40","r33_r34"
"94","FBXO15","r33_r34"
"95","CCDC151","r33_r34"
"96","MORN2","r33_r34"
"97","TTC30A","r33_r34"
"98","FLJ32255","r33_r34"
"99","PRDM1","r33_r34"
"100","GIMAP4","r33_r34"
"101","PTPRD","r33_r34"
"102","SPAG8","r33_r34"
"103","AP1S2","r33_r34"
"104","SCEL","r33_r34"
"105","LRRC18","r33_r34"
"106","GCA","r33_r34"
"107","ARHGAP15","r33_r34"
"108","MSR1","r33_r34"
"109","UBE2D1","r33_r34"
"110","EPB41L3","r33_r34"
"111","EID2B","r33_r34"
"112","IGFBP5","r33_r34"
"113","C1orf189","r33_r34"
"114","CCDC113","r33_r34"
"115","NTRK2","r33_r34"
"116","HYDIN","r33_r34"
"117","PLA2G7","r33_r34"
"118","TLR4","r33_r34"
"119","DUOX2","r33_r34"
"120","PLBD1","r33_r34"
"121","HOPX","r33_r34"
"122","FAM149A","r33_r34"
"123","NLRC4","r33_r34"
"124","SYK","r33_r34"
"125","FCGR2C","r33_r34"
"126","DNAH3","r33_r34"
"127","TPSD1","r33_r34"
"128","CASP5","r33_r34"
"129","TNFAIP8L1","r33_r34"
"130","GABRQ","r33_r34"
"131","CARD16","r33_r34"
"132","FCGR1B","r33_r34"
"133","PMAIP1","r33_r34"
"134","SPATA18","r33_r34"
"135","PIH1D3","r33_r34"
"136","HRNR","r33_r34"
"137","SKAP2","r33_r34"
"138","LY96","r33_r34"
"139","SCEL-AS1","r33_r34"
"140","VWA3B","r33_r34"
"141","IL5RA","r33_r34"
"142","CHST2","r33_r34"
"143","MEF2C","r33_r34"
"144","TCTE1","r33_r34"
"145","MBOAT2","r33_r34"
"146","DUSP5","r33_r34"
"147","CFAP61","r33_r34"
"148","RSPH1","r33_r34"
"149","LDLRAD1","r33_r34"
"150","DLG5-AS1","r33_r34"
"151","ENTPD1","r33_r34"
"152","BCAT1","r33_r34"
"153","RND1","r33_r34"
"154","USP15","r33_r34"
"155","LINC00173","r33_r34"
"156","MAP1A","r33_r34"
"157","PRSS54","r33_r34"
"158","EVI2B","r33_r34"
"159","SLC8A1","r33_r34"
"160","LKAAEAR1","r33_r34"
"161","CFAP99","r33_r34"
"162","TLR10","r33_r34"
"163","LOC441081","r33_r34"
"164","PPIL6","r33_r34"
"165","PCDHA12","r33_r34"
"166","C1orf194","r33_r34"
"167","VAV3","r33_r34"
"168","MPEG1","r33_r34"
"169","TMEM231","r33_r34"
"170","QPCT","r33_r34"
"171","MN1","r33_r34"
"172","GLIPR1","r33_r34"
"173","MIR3187","r33_r34"
"174","PCDHA1","r33_r34"
"175","CDKN2B","r33_r34"
"176","LRMP","r33_r34"
"177","LINC00443","r33_r34"
"178","SP140","r33_r34"
"179","PCDHA7","r33_r34"
"180","PCDHA13","r33_r34"
"181","PIP","r33_r34"
"182","SPIN4","r33_r34"
"183","FAM198B","r33_r34"
"184","PNMAL1","r33_r34"
"185","MLKL","r33_r34"
"186","PCDHA11","r33_r34"
"187","PCDHA9","r33_r34"
"188","TSNAXIP1","r33_r34"
"189","SPATS1","r33_r34"
"190","TEKT1","r33_r34"
"191","UMODL1","r33_r34"
"192","TMEM151B","r33_r34"
"193","PCDHA2","r33_r34"
"194","LOC80078","r33_r34"
"195","MS4A7","r33_r34"
"196","KIF9","r33_r34"
"197","UFC1","r33_r34"
"198","RPTN","r33_r34"
"199","LPPR3","r33_r34"
"200","SEC14L4","r33_r34"
"201","MME","r33_r34"
"202","PCDHA3","r33_r34"
"203","PCDHA8","r33_r34"
"204","NPL","r33_r34"
"205","CNIH2","r33_r34"
"206","CYP27C1","r33_r34"
"207","PHLDA1","r33_r34"
"208","CFAP221","r33_r34"
"209","NAMPT","r33_r34"
"210","CFAP126","r33_r34"
"211","SAP30","r33_r34"
"212","CETN2","r33_r34"
"213","SLC24A4","r33_r34"
"214","UBXN10","r33_r34"
"215","PLEKHB1","r33_r34"
"216","LRRC23","r33_r34"
"217","STOML3","r33_r34"
"218","TM4SF19-TCTEX1D2","r33_r34"
"219","PCDHA5","r33_r34"
"220","CYP3A5","r33_r34"
"221","MSI1","r33_r34"
"222","BLNK","r33_r34"
"223","KIAA2012","r33_r34"
"224","GK","r33_r34"
"225","ANKK1","r33_r34"
"226","DNAJC22","r33_r34"
"227","SLC27A2","r33_r34"
"228","EFCAB12","r33_r34"
"229","CCNL1","r33_r34"
"230","TLR6","r33_r34"
"231","PCDHA6","r33_r34"
"232","GJB1","r33_r34"
"233","DOCK11","r33_r34"
"234","LPCAT2","r33_r34"
"235","YPEL4","r33_r34"
"236","MXD1","r33_r34"
"237","FAM86B1","r33_r34"
"238","JMJD1C","r33_r34"
"239","TTC30B","r33_r34"
"240","LOC101927056","r33_r34"
"241","LRAT","r33_r34"
"242","CEP72","r33_r34"
"243","EFCAB10","r33_r34"
"244","CSGALNACT1","r33_r34"
"245","MAF","r33_r34"
"246","PCDHA4","r33_r34"
"247","C14orf37","r33_r34"
"248","P2RY13","r33_r34"
"249","ZEB1","r33_r34"
"250","SPAG6","r33_r34"
"251","BOD1L1","r33_r34"
"252","TTC12","r33_r34"
"253","RASAL1","r33_r34"
"254","KIF19","r33_r34"
"255","CCDC108","r33_r34"
"256","CD86","r33_r34"
"257","CREBRF","r33_r34"
"258","ZNF267","r33_r34"
"259","CEACAM1","r33_r34"
"260","MIR5090","r33_r34"
"261","ZEB2","r33_r34"
"262","RGS2","r33_r34"
"263","DUSP6","r33_r34"
"264","KCNRG","r33_r34"
"265","RSPH14","r33_r34"
"266","JAKMIP2-AS1","r33_r34"
"267","ZMYND12","r33_r34"
"268","DNAAF1","r33_r34"
"269","C6orf118","r33_r34"
"270","LOC100506990","r33_r34"
"271","LOC100499484-C9ORF174","r33_r34"
"272","CCDC180","r33_r34"
"273","PCDHA10","r33_r34"
"274","LOC643802","r33_r34"
"275","DNER","r33_r34"
"276","LOC101928270","r33_r34"
"277","CHD1","r33_r34"
"278","DOCK2","r33_r34"
"279","RIBC2","r33_r34"
"280","STEAP4","r33_r34"
"281","SAXO2","r33_r34"
"282","RSPH10B2","r33_r34"
"283","RSPH10B","r33_r34"
"284","TCTEX1D2","r33_r34"
"285","TGFBI","r33_r34"
"286","DNAJC25-GNG10","r33_r34"
"287","DNALI1","r33_r34"
"288","SELE","r33_r34"
"289","NRBF2","r33_r34"
"290","C11orf70","r33_r34"
"291","LRRC43","r33_r34"
"292","ANKRD36","r33_r34"
"293","CNTN3","r33_r34"
"294","VNN2","r33_r34"
"295","MYEOV","r33_r34"
"296","BACH1","r33_r34"
"297","TLR2","r33_r34"
"298","TEKT2","r33_r34"
"299","TTC25","r33_r34"
"300","C20orf96","r33_r34"
"301","C22orf15","r33_r34"
"302","PDE5A","r33_r34"
"303","SLC26A2","r33_r34"
"304","ZCCHC6","r33_r34"
"305","C11orf74","r33_r34"
"306","IL18RAP","r33_r34"
"307","GNG10","r33_r34"
"308","BAZ1A","r33_r34"
"309","FLI1","r33_r34"
"310","CACNA1C","r33_r34"
"311","CCDC74B","r33_r34"
"312","KCNH7","r33_r34"
"313","GM2A","r33_r34"
"314","RIBC1","r33_r34"
"315","HSPB11","r33_r34"
"316","B3GALT5","r33_r34"
"317","C9orf171","r33_r34"
"318","TTLL10","r33_r34"
"319","FAM216B","r33_r34"
"320","CR1","r33_r34"
"321","MGAM2","r33_r34"
"322","RAB3B","r33_r34"
"323","CCDC74A","r33_r34"
"324","TUBA4B","r33_r34"
"325","CDHR4","r33_r34"
"326","ERV3-1","r33_r34"
"327","UPK3BL","r33_r34"
"328","ARMC3","r33_r34"
"329","ANKRD44","r33_r34"
"330","VENTX","r33_r34"
"331","CCDC65","r33_r34"
"332","ZNF438","r33_r34"
"333","QKI","r33_r34"
"334","NPHP1","r33_r34"
"335","ABHD5","r33_r34"
"336","DAB2","r33_r34"
"337","MILR1","r33_r34"
"338","TET2","r33_r34"
"339","A2M","r33_r34"
"340","TLR1","r33_r34"
"341","SPA17","r33_r34"
"342","UMODL1-AS1","r33_r34"
"343","FAM49B","r33_r34"
"344","DOCK8","r33_r34"
"345","C11orf97","r33_r34"
"346","DNAI1","r33_r34"
"347","ZNF474","r33_r34"
"348","ZC2HC1C","r33_r34"
"349","PLXNC1","r33_r34"
"350","CD300LF","r33_r34"
"351","KIAA1211L","r33_r34"
"352","B3GALT5-AS1","r33_r34"
"353","ARID4A","r33_r34"
"354","CCDC17","r33_r34"
"355","PIFO","r33_r34"
"356","SDR9C7","r33_r34"
"357","ADRA2C","r33_r34"
"358","FCGR3B","r33_r34"
"359","TFF3","r33_r34"
"360","MARCKS","r33_r34"
"361","NME9","r33_r34"
"362","GAS2L2","r33_r34"
"363","CDHR3","r33_r34"
"364","C2orf50","r33_r34"
"365","RSPH4A","r33_r34"
"366","SLC22A14","r33_r34"
"367","KYNU","r33_r34"
"368","ARC","r33_r34"
"369","MYZAP","r33_r34"
"370","POLR2J2","r33_r34"
"371","UCA1","r33_r34"
"372","ANKUB1","r33_r34"
"373","CCNG2","r33_r34"
"374","STMND1","r33_r34"
"375","AGR3","r33_r34"
"376","CEP41","r33_r34"
"377","TNFSF8","r33_r34"
"378","CAPSL","r33_r34"
"379","KRT31","r33_r34"
"380","ENTPD1-AS1","r33_r34"
"381","MIR34C","r33_r34"
"382","CCDC103","r33_r34"
"383","TRIM9","r33_r34"
"384","GDPD3","r33_r34"
"385","DRC1","r33_r34"
"386","SMYD2","r33_r34"
"387","NCCRP1","r33_r34"
"388","CEACAM6","r33_r34"
"389","LOC105747689","r33_r34"
"390","SLC32A1","r33_r34"
"391","KCNJ15","r33_r34"
"392","C21orf58","r33_r34"
"393","IFT122","r33_r34"
"394","ROPN1L","r33_r34"
"395","SNX18","r33_r34"
"396","GFPT2","r33_r34"
"397","EFCAB1","r33_r34"
"398","ERICH5","r33_r34"
"399","SEMA4D","r33_r34"
"400","LRRC71","r33_r34"
"401","C21orf59","r33_r34"
"402","C9orf9","r33_r34"
"403","ARMC4","r33_r34"
"404","FAM157C","r33_r34"
"405","AK8","r33_r34"
"406","LACTB","r33_r34"
"407","DIXDC1","r33_r34"
"408","LOC100507291","r33_r34"
"409","PPP1R32","r33_r34"
"410","ARL11","r33_r34"
"411","RNF149","r33_r34"
"412","GLB1L","r33_r34"
"413","YOD1","r33_r34"
"414","FAM92B","r33_r34"
"415","SNORD89","r33_r34"
"416","CRISPLD2","r33_r34"
"417","PPP1R12A","r33_r34"
"418","RSPH9","r33_r34"
"419","KIF6","r33_r34"
"420","TCTN1","r33_r34"
"421","CCDC89","r33_r34"
"422","SERPINF1","r33_r34"
"423","ACSL1","r33_r34"
"424","ALOX12","r33_r34"
"425","DNAH2","r33_r34"
"426","ODF2","r33_r34"
"427","ANKRD54","r33_r34"
"428","CFAP74","r33_r34"
"429","SLC38A8","r33_r34"
"430","TPPP","r33_r34"
"431","HS3ST3B1","r33_r34"
"432","RICTOR","r33_r34"
"433","FANK1","r33_r34"
"434","CCDC96","r33_r34"
"435","LRGUK","r33_r34"
"436","NUDC","r33_r34"
"437","NABP1","r33_r34"
"438","RBM24","r33_r34"
"439","HGF","r33_r34"
"440","PRUNE2","r33_r34"
"441","CD163","r33_r34"
"442","NFKBIZ","r33_r34"
"443","TLR8","r33_r34"
"444","C10orf105","r33_r34"
"445","AGBL2","r33_r34"
"446","C16orf71","r33_r34"
"447","TRIM25","r33_r34"
"448","LRRC34","r33_r34"
"449","TTC26","r33_r34"
"450","PPP1R3B","r33_r34"
"451","PCYT1B","r33_r34"
"452","LINC00282","r33_r34"
"453","CFAP54","r33_r34"
"454","CARD8","r33_r34"
"455","TTLL9","r33_r34"
"456","TTLL6","r33_r34"
"457","SLC38A5","r33_r34"
"458","PDP1","r33_r34"
"459","CELF2-AS1","r33_r34"
"460","CFAP45","r33_r34"
"461","FGFBP2","r33_r34"
"462","SPATA17","r33_r34"
"463","NRAV","r33_r34"
"464","GRM7","r33_r34"
"465","PACRG","r33_r34"
"466","DCDC2","r33_r34"
"467","DAW1","r33_r34"
"468","ECT2L","r33_r34"
"469","LOC100101148","r33_r34"
"470","CHST15","r33_r34"
"471","BTG1","r33_r34"
"472","GPR135","r33_r34"
"473","AK7","r33_r34"
"474","NWD1","r33_r34"
"475","PTK6","r33_r34"
"476","MERTK","r33_r34"
"477","IQCD","r33_r34"
"478","CCNJL","r33_r34"
"479","LOC541473","r33_r34"
"480","PSTPIP2","r33_r34"
"481","LYST","r33_r34"
"482","CFAP57","r33_r34"
"483","PRB1","r33_r34"
"484","GAS8","r33_r34"
"485","GEM","r33_r34"
"486","RCAN3AS","r33_r34"
"487","MMRN2","r33_r34"
"488","HBG2","r33_r34"
"489","ABCC6P1","r33_r34"
"490","LOC100272216","r33_r34"
"491","STS","r33_r34"
"492","TINAGL1","r33_r34"
"493","ST6GALNAC3","r33_r34"
"494","VCAN","r33_r34"
"495","EFHC1","r33_r34"
"496","OSBPL8","r33_r34"
"497","PZP","r33_r34"
"498","PTPRJ","r33_r34"
"499","RAB8B","r33_r34"
"500","SH3TC2","r33_r34"
"501","SPRY4","r33_r34"
"502","NUP62CL","r33_r34"
"503","TUSC3","r33_r34"
"504","C9orf117","r33_r34"
"505","ARX","r33_r34"
"506","MMP2","r33_r34"
"507","FABP6","r33_r34"
"508","IFRD1","r33_r34"
"509","LRRC74B","r33_r34"
"510","CCDC33","r33_r34"
"511","DNAI2","r33_r34"
"512","MORN1","r33_r34"
"513","LOC100131257","r33_r34"
"514","C16orf46","r33_r34"
"515","SSH2","r33_r34"
"516","DZIP1L","r33_r34"
"517","AGPAT9","r33_r34"
"518","DCDC2B","r33_r34"
"519","ARG1","r33_r34"
"520","DUSP10","r33_r34"
"521","TCTN2","r33_r34"
"522","DNAAF2","r33_r34"
"523","TTC16","r33_r34"
"524","CTH","r33_r34"
"525","BBS5","r33_r34"
"526","VWA3A","r33_r34"
"527","PIK3CG","r33_r34"
"528","WDR66","r33_r34"
"529","MIR6884","r33_r34"
"530","SLC23A1","r33_r34"
"531","LMNB1","r33_r34"
"532","EFCAB6","r33_r34"
"533","DTX3","r33_r34"
"534","C20orf85","r33_r34"
"535","DNAAF3","r33_r34"
"536","SPATA17-AS1","r33_r34"
"537","RHBDL2","r33_r34"
"538","RAG2","r33_r34"
"539","DTHD1","r33_r34"
"540","ANOS1","r33_r34"
"541","BCL2L11","r33_r34"
"542","CC2D2A","r33_r34"
"543","VSIG10L","r33_r34"
"544","CCDC81","r33_r34"
"545","ASAH1","r33_r34"
"546","CDKN2A","r33_r34"
"547","PPP1R42","r33_r34"
"548","C9orf116","r33_r34"
"549","SLFN13","r33_r34"
"550","SNTN","r33_r34"
"551","LOC442028","r33_r34"
"552","C4orf22","r33_r34"
"553","DNAH17","r33_r34"
"554","CALB1","r33_r34"
"555","MEGF9","r33_r34"
"556","ZSCAN5A","r33_r34"
"557","ARMC9","r33_r34"
"558","PPP1R26-AS1","r33_r34"
"559","EFHC2","r33_r34"
"560","MOK","r33_r34"
"561","LOC200772","r33_r34"
"562","IL7R","r33_r34"
"563","CCDC60","r33_r34"
"564","LOC100505817","r33_r34"
"565","SCCPDH","r33_r34"
"566","DPCD","r33_r34"
"567","LOC100129175","r33_r34"
"568","PRR18","r33_r34"
"569","CES4A","r33_r34"
"570","ATP11A","r33_r34"
"571","C2orf70","r33_r34"
"572","LOC100506844","r33_r34"
"573","MORN3","r33_r34"
"574","AKAP14","r33_r34"
"575","FMO6P","r33_r34"
"576","IFT46","r33_r34"
"577","RABL2B","r33_r34"
"578","FAM104B","r33_r34"
"579","LOC727896","r33_r34"
"580","DNAH12","r33_r34"
"581","NME5","r33_r34"
"582","ZC3HAV1L","r33_r34"
"583","MPDZ","r33_r34"
"584","C9orf135","r33_r34"
"585","SPP1","r33_r34"
"586","CLEC4D","r33_r34"
"587","ANKRD66","r33_r34"
"588","SLC4A8","r33_r34"
"589","FAM179A","r33_r34"
"590","ANKRD36B","r33_r34"
"591","C6orf165","r33_r34"
"592","BTG4","r33_r34"
"593","USP2-AS1","r33_r34"
"594","LBR","r33_r34"
"595","PLEKHM1P","r33_r34"
"596","LINC00492","r33_r34"
"597","CIPC","r33_r34"
"598","LRRC46","r33_r34"
"599","PRR29","r33_r34"
"600","CLDN17","r33_r34"
"601","KNDC1","r33_r34"
"602","EFHB","r33_r34"
"603","ZSCAN12P1","r33_r34"
"604","HRH1","r33_r34"
"605","HEPH","r33_r34"
"606","CFAP46","r33_r34"
"607","C1orf87","r33_r34"
"608","MARCH10","r33_r34"
"609","CYP4F3","r33_r34"
"610","RUVBL1","r33_r34"
"611","WDR86-AS1","r33_r34"
"612","DYDC2","r33_r34"
"613","CFAP43","r33_r34"
"614","TULP3","r33_r34"
"615","C17orf97","r33_r34"
"616","E2F3","r33_r34"
"617","LRP2BP","r33_r34"
"618","LOC100132078","r33_r34"
"619","TBX3","r33_r34"
"620","LOC646903","r33_r34"
"621","RGL4","r33_r34"
"622","CCDC170","r33_r34"
"623","NEK10","r33_r34"
"624","TTC21A","r33_r34"
"625","BICC1","r33_r34"
"626","WDR54","r33_r34"
"627","LINC00887","r33_r34"
"628","FAM47E-STBD1","r33_r34"
"629","PRDM5","r33_r34"
"630","IFT22","r33_r34"
"631","ZNF114","r33_r34"
"632","HPSE","r33_r34"
"633","CALHM3","r33_r34"
"634","RGS22","r33_r34"
"635","LOC440895","r33_r34"
"636","LOC100288570","r33_r34"
"637","C11orf88","r33_r34"
"638","NRXN3","r33_r34"
"639","ANKFN1","r33_r34"
"640","DERL3","r33_r34"
"641","DLEC1","r33_r34"
"642","LPL","r33_r34"
"643","C10orf107","r33_r34"
"644","MS4A14","r33_r34"
"645","APOBEC4","r33_r34"
"646","FAM182B","r33_r34"
"647","C16orf72","r33_r34"
"648","DUSP18","r33_r34"
"649","ENO4","r33_r34"
"650","TEX26","r33_r34"
"651","OSCP1","r33_r34"
"652","CYP2A6","r33_r34"
"653","HCG14","r33_r34"
"654","LRRC36","r33_r34"
"655","ERICH2","r33_r34"
"656","BEST4","r33_r34"
"657","IFT172","r33_r34"
"658","MAPK15","r33_r34"
"659","C5orf49","r33_r34"
"660","EFCAB2","r33_r34"
"661","SRD5A2","r33_r34"
"662","OTUB2","r33_r34"
"663","ADH6","r33_r34"
"664","ANKDD1B","r33_r34"
"665","TAC1","r33_r34"
"666","TTC7B","r33_r34"
"667","TDP2","r33_r34"
"668","LOC101927267","r33_r34"
"669","HBD","r33_r34"
"670","CHSY1","r33_r34"
"671","MYH1","r33"
"672","GPR50","r33"
"673","HTR1B","r33"
"674","DSC2","r33"
"675","SLAMF7","r33"
"676","TGM5","r33"
"677","XKR3","r33"
"678","ANKRD22","r33"
"679","PRRT3","r33"
"680","FCGR1C","r33"
"681","CD300E","r33"
"682","CCL2","r33"
"683","C4orf32","r33"
"684","IFIT3","r33"
"685","LOC100507472","r33"
"686","C10orf99","r33"
"687","CASP1","r33"
"688","TGM6","r33"
"689","CLCA4","r33"
"690","SAMD9L","r33"
"691","LOC441178","r33"
"692","DSG3","r33"
"693","TMPRSS11B","r33"
"694","DSC3","r33"
"695","ACE2","r33"
"696","HN1L","r33"
"697","PPP1R16B","r33"
"698","SLC40A1","r33"
"699","GDNF","r33"
"700","ENDOU","r33"
"701","LINC01587","r33"
"702","SHISA8","r33"
"703","MS4A6A","r33"
"704","SCUBE2","r33"
"705","ZBP1","r33"
"706","MARCH1","r33"
"707","SRD5A3","r33"
"708","CCL7","r33"
"709","LIPM","r33"
"710","MCOLN2","r33"
"711","KCNJ16","r33"
"712","LMOD2","r33"
"713","IRF1","r33"
"714","CYSLTR1","r33"
"715","RDH12","r33"
"716","LINC00888","r33"
"717","TRANK1","r33"
"718","KIAA1462","r33"
"719","TPSB2","r33"
"720","KRT14","r33"
"721","FAM105A","r33"
"722","CRAT37","r33"
"723","HCG22","r33"
"724","LILRB4","r33"
"725","ZNF292","r33"
"726","SERPINA11","r33"
"727","HSPA6","r33"
"728","PDGFRB","r33"
"729","PI15","r33"
"730","FAM49A","r33"
"731","KRT10","r33"
"732","TUBA3FP","r33"
"733","CXorf65","r33"
"734","TPSAB1","r33"
"735","BEAN1","r33"
"736","LIPN","r33"
"737","SLC1A3","r33"
"738","SELL","r33"
"739","RSAD2","r33"
"740","CASP4","r33"
"741","SDK1","r33"
"742","NMI","r33"
"743","FOXC1","r33"
"744","HIF3A","r33"
"745","ADCY7","r33"
"746","OLFM4","r33"
"747","SPARC","r33"
"748","HIF1A","r33"
"749","RPL21P44","r33"
"750","APLNR","r33"
"751","DUOXA2","r33"
"752","MAGED4","r33"
"753","MAGED4B","r33"
"754","ANKRD12","r33"
"755","CXorf36","r33"
"756","XYLT1","r33"
"757","CCBL1","r33"
"758","LILRB1","r33"
"759","PRR15","r33"
"760","PPP2R2C","r33"
"761","TRPV3","r33"
"762","PTPRE","r33"
"763","FAS","r33"
"764","COL6A1","r33"
"765","BARX2","r33"
"766","WIPF1","r33"
"767","CD48","r33"
"768","SCLT1","r33"
"769","COL15A1","r33"
"770","LILRA5","r33"
"771","P2RX7","r33"
"772","MGAT4A","r33"
"773","LMO2","r33"
"774","LINC00643","r33"
"775","NIPAL4","r33"
"776","BAZ2B","r33"
"777","ITPR2","r33"
"778","CRABP2","r33"
"779","JAK3","r33"
"780","NWD2","r33"
"781","S100A8","r33"
"782","USP25","r33"
"783","SLC25A37","r33"
"784","MALT1","r33"
"785","C12orf29","r33"
"786","LINC00094","r33"
"787","GPCPD1","r33"
"788","LCN1","r33"
"789","LCP1","r33"
"790","MX2","r33"
"791","TM6SF1","r33"
"792","ZFAND6","r33"
"793","REL","r33"
"794","CPNE8","r33"
"795","KRTAP4-6","r33"
"796","LINC01270","r33"
"797","TPRG1","r33"
"798","MGAM","r33"
"799","TSPAN16","r33"
"800","LRWD1","r33"
"801","SORBS1","r33"
"802","ZNF764","r33"
"803","CCNE2","r33"
"804","PECAM1","r33"
"805","SNAI1","r33"
"806","NEFL","r33"
"807","CAMK2N1","r33"
"808","MRVI1","r33"
"809","GLS","r33"
"810","TNFAIP2","r33"
"811","CXCR2","r33"
"812","ARRB2","r33"
"813","ADAMDEC1","r33"
"814","FLJ44635","r33"
"815","STK17B","r33"
"816","TMEM106B","r33"
"817","FCGR2A","r33"
"818","KATNBL1","r33"
"819","TMEM17","r33"
"820","BCL7A","r33"
"821","KRTAP4-8","r33"
"822","ARL5B","r33"
"823","HBG1","r33"
"824","PLVAP","r33"
"825","SP110","r33"
"826","PHACTR3","r33"
"827","TMPRSS11F","r33"
"828","LOH12CR2","r33"
"829","FPR3","r33"
"830","KIAA0040","r33"
"831","TMEM252","r33"
"832","GBP1","r33"
"833","WDR90","r33"
"834","PLSCR1","r33"
"835","SOD2","r33"
"836","CDC20B","r33"
"837","BPIFB1","r33"
"838","THAP9-AS1","r33"
"839","KIAA0226L","r33"
"840","CRISP3","r33"
"841","PAG1","r33"
"842","RASGEF1B","r33"
"843","INHBB","r33"
"844","MPP1","r33"
"845","CSGALNACT2","r33"
"846","ARHGAP9","r33"
"847","ALOX5","r33"
"848","TMCC3","r33"
"849","ID2","r33"
"850","XRCC4","r33"
"851","ITM2B","r33"
"852","LILRB2","r33"
"853","FAM126A","r33"
"854","PIK3AP1","r33"
"855","KRR1","r33"
"856","SLC41A1","r33"
"857","RNF222","r33"
"858","KRT34","r33"
"859","LOC100132077","r33"
"860","CACNA1I","r33"
"861","SIRPD","r33"
"862","SERTAD4-AS1","r33"
"863","CSF1R","r33"
"864","ARHGAP30","r33"
"865","HCN4","r33"
"866","RHPN1-AS1","r33"
"867","RAB27B","r33"
"868","MFAP3L","r33"
"869","LRIF1","r33"
"870","ARHGAP25","r33"
"871","ZG16B","r33"
"872","TMEM200A","r33"
"873","COL17A1","r33"
"874","GNAI3","r33"
"875","GPR65","r33"
"876","MYOM3","r33"
"877","ASAP1","r33"
"878","BCL10","r33"
"879","PICALM","r33"
"880","USP2","r33"
"881","MUC22","r33"
"882","PYGM","r33"
"883","AMICA1","r33"
"884","PLCG2","r33"
"885","LINC01250","r33"
"886","LYN","r33"
"887","CTSV","r33"
"888","RGS18","r33"
"889","SLC16A10","r33"
"890","IL18R1","r33"
"891","FCHO2","r33"
"892","PARVG","r33"
"893","ADGRL2","r33"
"894","SNRK","r33"
"895","DTX1","r33"
"896","IKBIP","r33"
"897","SEMG2","r33"
"898","HAL","r33"
"899","LINC00638","r33"
"900","AIF1","r33"
"901","SRCIN1","r33"
"902","LOC100288152","r33"
"903","ZNF853","r33"
"904","TFEC","r33"
"905","PELI1","r33"
"906","OGFRL1","r33"
"907","IL1RAP","r33"
"908","EPDR1","r33"
"909","CRNN","r33"
"910","ARPC5","r33"
"911","RNASE6","r33"
"912","URAHP","r33"
"913","ADGRE2","r33"
"914","ANKRD36C","r33"
"915","GTDC1","r33"
"916","FRMD4B","r33"
"917","RASA2","r33"
"918","PTPN12","r33"
"919","CAPZA2","r33"
"920","TUBB4B","r33"
"921","UNC5A","r33"
"922","RPL23AP87","r33"
"923","LPAR6","r33"
"924","PRKCB","r33"
"925","RUVBL2","r33"
"926","CXorf21","r33"
"927","ATP2B1","r33"
"928","TMEM45B","r33"
"929","LOC100128531","r33"
"930","RAB36","r33"
"931","ANTXR2","r33"
"932","FAM45B","r33"
"933","HSPB8","r33"
"934","GAMT","r33"
"935","VNN1","r33"
"936","MOXD1","r33"
"937","DMRT2","r33"
"938","C1orf177","r33"
"939","CAPZA1","r33"
"940","CLEC1A","r33"
"941","UNC119B","r33"
"942","ATP13A4","r33"
"943","ABCA1","r33"
"944","DOK3","r33"
"945","LAMP2","r33"
"946","KHDC1L","r33"
"947","ECM1","r33"
"948","RAPGEF6","r33"
"949","OVOL1","r33"
"950","TAOK3","r33"
"951","DOCK10","r33"
"952","EGR2","r33"
"953","ALOX12B","r33"
"954","IFNGR1","r33"
"955","PHF20L1","r33"
"956","ROCK1","r33"
"957","SNX6","r33"
"958","FAM157B","r33"
"959","KRT6B","r33"
"960","CAPNS2","r33"
"961","CEP135","r33"
"962","NFIL3","r33"
"963","CMKLR1","r33"
"964","INA","r33"
"965","GAB1","r33"
"966","PXK","r33"
"967","POLB","r33"
"968","LINC01002","r33"
"969","ADAMTS1","r33"
"970","CXCL6","r33"
"971","MICAL1","r33"
"972","S100A12","r33"
"973","KRTAP9-8","r33"
"974","KRT6C","r33"
"975","MID1IP1-AS1","r33"
"976","ACTN2","r33"
"977","ATHL1","r33"
"978","SYBU","r33"
"979","MS4A4A","r33"
"980","HBEGF","r33"
"981","HECA","r33"
"982","TPTE2P3","r33"
"983","INMT-FAM188B","r33"
"984","RAB21","r33"
"985","FGD3","r33"
"986","REEP2","r33"
"987","WDR73","r33"
"988","MTSS1","r33"
"989","SLC12A6","r33"
"990","PTENP1","r33"
"991","ZFHX2","r33"
"992","PCDH10","r33"
"993","TOPORS","r33"
"994","MIR8085","r33"
"995","GCNT7","r33"
"996","C22orf23","r33"
"997","APOBEC3A_B","r33"
"998","ITPRIP","r33"
"999","IZUMO1","r33"
"1000","MAP4K4","r33"
"1001","PBX2","r33"
"1002","PIM1","r33"
"1003","SLC9A7","r33"
"1004","FAM188B","r33"
"1005","SPOPL","r33"
"1006","FCER1G","r33"
"1007","ARHGDIB","r33"
"1008","SECTM1","r33"
"1009","PDE1B","r33"
"1010","RCBTB2","r33"
"1011","PRRT3-AS1","r33"
"1012","WTAP","r33"
"1013","MOSPD2","r33"
"1014","APC","r33"
"1015","IL10RA","r33"
"1016","PDE4B","r33"
"1017","PRPH","r33"
"1018","ALDH1A2","r33"
"1019","LOC101929319","r33"
"1020","HAVCR2","r33"
"1021","GPR141","r33"
"1022","DNTTIP2","r33"
"1023","IQCC","r33"
"1024","MIR22HG","r33"
"1025","SPNS2","r33"
"1026","MSL1","r33"
"1027","MCEMP1","r33"
"1028","ITSN2","r33"
"1029","GPR156","r33"
"1030","PLAGL1","r33"
"1031","HMOX1","r33"
"1032","SDCBP","r33"
"1033","TLR7","r33"
"1034","IFT52","r33"
"1035","ADAMTSL4","r33"
"1036","PAX6","r33"
"1037","VCPKMT","r33"
"1038","IFT140","r33"
"1039","IFI30","r33"
"1040","CYP2B6","r33"
"1041","PSG4","r33"
"1042","LINC01271","r33"
"1043","CDYL","r33"
"1044","STX11","r33"
"1045","APBB1IP","r33"
"1046","CCR1","r33"
"1047","CST1","r34"
"1048","HBA1","r34"
"1049","TMEM232","r34"
"1050","WDR78","r34"
"1051","HBA2","r34"
"1052","CFAP53","r34"
"1053","GIPC2","r34"
"1054","CST2","r34"
"1055","MYCT1","r34"
"1056","LMNTD1","r34"
"1057","ERICH6-AS1","r34"
"1058","DNAH11","r34"
"1059","DNAH6","r34"
"1060","PIH1D2","r34"
"1061","C4orf47","r34"
"1062","IQCG","r34"
"1063","DNAH5","r34"
"1064","CCDC181","r34"
"1065","STK33","r34"
"1066","TEKT3","r34"
"1067","CFAP70","r34"
"1068","LINC00326","r34"
"1069","MAATS1","r34"
"1070","FAM227B","r34"
"1071","DNAH7","r34"
"1072","CST4","r34"
"1073","TMEM212","r34"
"1074","WDR63","r34"
"1075","HBB","r34"
"1076","SAMD15","r34"
"1077","SPATA4","r34"
"1078","IFT57","r34"
"1079","ADGB","r34"
"1080","ENKUR","r34"
"1081","FSIP1","r34"
"1082","ABCD2","r34"
"1083","ERBB4","r34"
"1084","MRPS31","r34"
"1085","FAM81A","r34"
"1086","IQUB","r34"
"1087","MORN5","r34"
"1088","ULK4","r34"
"1089","ZBBX","r34"
"1090","CAP2","r34"
"1091","MAT1A","r34"
"1092","SPAG17","r34"
"1093","LINC01564","r34"
"1094","LCA5L","r34"
"1095","LRRC49","r34"
"1096","CLUAP1","r34"
"1097","WDR49","r34"
"1098","RP1","r34"
"1099","ACYP1","r34"
"1100","MAP3K19","r34"
"1101","ARMC2","r34"
"1102","TTC29","r34"
"1103","REEP1","r34"
"1104","LZTFL1","r34"
"1105","ALS2CR12","r34"
"1106","FHAD1","r34"
"1107","KATNAL2","r34"
"1108","DNAJC9-AS1","r34"
"1109","CRISP2","r34"
"1110","NCALD","r34"
"1111","CCDC176","r34"
"1112","TCTEX1D1","r34"
"1113","TSPAN19","r34"
"1114","FAM81B","r34"
"1115","NEK5","r34"
"1116","SPEF2","r34"
"1117","MLF1","r34"
"1118","COL28A1","r34"
"1119","CFAP47","r34"
"1120","RIIAD1","r34"
"1121","NEK11","r34"
"1122","LOC101928710","r34"
"1123","FAM227A","r34"
"1124","DZIP3","r34"
"1125","CCDC173","r34"
"1126","ERICH3","r34"
"1127","SPTBN5","r34"
"1128","UBD","r34"
"1129","TMEM67","r34"
"1130","C20orf202","r34"
"1131","TXLNB","r34"
"1132","CCDC37","r34"
"1133","DPY19L2P2","r34"
"1134","LINC00882","r34"
"1135","FILIP1","r34"
"1136","LINC01571","r34"
"1137","DYNLRB2","r34"
"1138","MYCBPAP","r34"
"1139","TBC1D19","r34"
"1140","KIF4A","r34"
"1141","CCDC162P","r34"
"1142","LINC01267","r34"
"1143","FAM183A","r34"
"1144","SMC2-AS1","r34"
"1145","LRRIQ3","r34"
"1146","RAET1E","r34"
"1147","ERICH3-AS1","r34"
"1148","PPP1R7","r34"
"1149","EPPIN-WFDC6","r34"
"1150","IQCH","r34"
"1151","STX2","r34"
"1152","MEAF6","r34"
"1153","ZNF833P","r34"
"1154","MDH1B","r34"
"1155","ENO2","r34"
"1156","TMEM190","r34"
"1157","ALS2CL","r34"
"1158","KAAG1","r34"
"1159","GPX8","r34"
"1160","DYX1C1","r34"
"1161","LRRIQ1","r34"
"1162","LOC101060498","r34"
"1163","PLBD1-AS1","r34"
"1164","CD19","r34"
"1165","SALL4","r34"
"1166","MEIG1","r34"
"1167","GNA14","r34"
"1168","ZNF185","r34"
"1169","WFDC6","r34"
"1170","C1orf228","r34"
"1171","LOC100422737","r34"
"1172","DCDC5","r34"
"1173","DNAJB13","r34"
"1174","CRIP3","r34"
"1175","CCL15","r34"
"1176","MNS1","r34"
"1177","IRAK1BP1","r34"
"1178","ABCC6P2","r34"
"1179","TRIP13","r34"
"1180","MGC34796","r34"
"1181","CCL15-CCL14","r34"
"1182","NPAS2","r34"
"1183","RPGRIP1L","r34"
"1184","FAM134B","r34"
"1185","AADACL2-AS1","r34"
"1186","WDR38","r34"
"1187","FAM161A","r34"
"1188","DUSP19","r34"
"1189","ALPK3","r34"
"1190","DCDC1","r34"
"1191","VEGFA","r34"
"1192","FAM181A-AS1","r34"
"1193","SCG3","r34"
"1194","CRNDE","r34"
"1195","CNTF","r34"
"1196","C6orf15","r34"
"1197","COL21A1","r34"
"1198","FRMPD2","r34"
"1199","RFX3","r34"
"1200","IGLL5","r34"
"1201","C8orf74","r34"
"1202","LINC00240","r34"
"1203","CAPS","r34"
"1204","LOC100129534","r34"
"1205","GDPD4","r34"
"1206","CCDC67","r34"
"1207","OXTR","r34"
"1208","TMEM255A","r34"
"1209","FER1L5","r34"
"1210","TTC39C-AS1","r34"
"1211","CDH26","r34"
"1212","ZNF483","r34"
"1213","SLC44A2","r34"
"1214","LRRC10B","r34"
"1215","C16orf93","r34"
"1216","C14orf142","r34"
"1217","SERPINB10","r34"
"1218","STAP1","r34"
"1219","LOC100505841","r34"
"1220","TREML1","r34"
"1221","LOC101928973","r34"
"1222","FSD1L","r34"
"1223","DAPK1","r34"
"1224","GLIS3","r34"
"1225","ESPL1","r34"
"1226","NHLRC4","r34"
"1227","ZMYND10","r34"
"1228","OVOL1-AS1","r34"
"1229","CCDC153","r34"
"1230","STOX1","r34"
"1231","WDPCP","r34"
"1232","CDKL2","r34"
"1233","AKR1B10","r34"
"1234","CCDC78","r34"
"1235","KATNAL1","r34"
"1236","C10orf67","r34"
"1237","CD164L2","r34"
"1238","CCDC42B","r34"
"1239","CDKL1","r34"
"1240","NBEAL2","r34"
"1241","TPPP3","r34"
"1242","CCDC114","r34"
"1243","IDNK","r34"
"1244","ARL3","r34"
"1245","TTC41P","r34"
"1246","ARHGEF10L","r34"
"1247","MYB","r34"
"1248","CLEC12A","r34"
"1249","ZEB2-AS1","r34"
"1250","CFAP36","r34"
"1251","HIST1H2BN","r34"
"1252","MIR7106","r34"
"1253","PPP1R36","r34"
"1254","WDR5B","r34"
"1255","CATSPERD","r34"
"1256","WDR92","r34"
"1257","TMEM180","r34"
"1258","C9orf24","r34"
"1259","GFI1B","r34"
"1260","CLDN25","r34"
"1261","LOC102724094","r34"
"1262","CTXN1","r34"
"1263","CASC2","r34"
"1264","DNAL1","r34"
"1265","TIGD4","r34"
"1266","NEK2","r34"
"1267","NLRP10","r34"
"1268","C2orf81","r34"
"1269","CASC1","r34"
"1270","PPOX","r34"
"1271","PCDHB14","r34"
"1272","SLC38A6","r34"
"1273","PLCH1","r34"
"1274","GUCY2F","r34"
"1275","C2orf40","r34"
"1276","GALK2","r34"
"1277","MOBP","r34"
"1278","TCEAL3","r34"
"1279","WDR31","r34"
"1280","RDH10","r34"
"1281","CALML4","r34"
"1282","EGFLAM","r34"
"1283","FAM189A2","r34"
"1284","ANKRD42","r34"
"1285","CAMK2G","r34"
"1286","POLR2J3","r34"
"1287","LINC01552","r34"
"1288","RAPGEF3","r34"
"1289","MXRA8","r34"
"1290","ANKRD34B","r34"
"1291","KCTD1","r34"
"1292","MYLK","r34"
"1293","MIR5004","r34"
"1294","CARD14","r34"
"1295","EML2-AS1","r34"
"1296","PRLR","r34"
"1297","PART1","r34"
"1298","ASB9","r34"
"1299","LINC00423","r34"
"1300","TTC22","r34"
"1301","GRN","r34"
"1302","TMEM107","r34"
"1303","CERKL","r34"
"1304","SPATA6L","r34"
"1305","TNRC6C-AS1","r34"
"1306","TCP11","r34"
"1307","LOC100128317","r34"
"1308","IFT81","r34"
"1309","SPATA6","r34"
"1310","CRIP1","r34"
"1311","GSDMA","r34"
"1312","ABCC6","r34"
"1313","SLC22A15","r34"
"1314","LGMN","r34"
"1315","CSPP1","r34"
"1316","TRAF3IP1","r34"
"1317","C7orf57","r34"
"1318","SKAP1","r34"
"1319","TMCO4","r34"
"1320","CCDC13","r34"
"1321","HHAT","r34"
"1322","UCKL1-AS1","r34"
"1323","MED15P9","r34"
"1324","CLMN","r34"
"1325","SLC7A2","r34"
"1326","SPATA7","r34"
"1327","CD38","r34"
"1328","MUC12","r34"
"1329","LOC101929450","r34"
